id,name,model_id/id,group_id/id,perm_read,perm_write,perm_create,perm_unlink
batak_commuity_model,batak_community_model,model_batak_community,base.group_user,1,1,1,1
master_marga_model,master_marga_model,model_master_marga,base.group_user,1,1,1,1
trans_daftar_anggota_model,trans_daftar_anggota_model,model_trans_daftar_anggota,base.group_user,1,1,1,1
trans_det_anggota_kel_model,trans_det_anggota_kel_model,model_trans_det_anggota_kel,base.group_user,1,1,1,1